{"cameraMode":{"drawMode":0,"name":"Shaded","section":"Shading Mode"},"sceneLighting":false,"audioPlay":false,"sceneViewState":{"showFog":true,"showMaterialUpdate":false,"showSkybox":false,"showFlares":true,"showImageEffects":true,"showParticleSystems":true,"showVisualEffectGraphs":true,"m_FxEnabled":true},"in2DMode":false,"pivot":{"x":662.7002563476563,"y":236.70021057128907,"z":-61.400001525878909},"rotation":{"x":0.0024973140098154546,"y":0.061734702438116077,"z":0.003237350843846798,"w":-0.9985675811767578},"size":31.299846649169923,"orthographic":false}