{"cameraMode":{"drawMode":0,"name":"Shaded","section":"Shading Mode"},"sceneLighting":false,"audioPlay":false,"sceneViewState":{"showFog":true,"showMaterialUpdate":false,"showSkybox":false,"showFlares":true,"showImageEffects":true,"showParticleSystems":true,"showVisualEffectGraphs":true,"m_FxEnabled":true},"in2DMode":false,"pivot":{"x":636.3047485351563,"y":241.27578735351563,"z":-61.400001525878909},"rotation":{"x":0.008743911981582642,"y":-0.016280246898531915,"z":0.002933190204203129,"w":-1.0003072023391724},"size":1.465143084526062,"orthographic":false}