{"cameraMode":{"drawMode":0,"name":"Shaded","section":"Shading Mode"},"sceneLighting":false,"audioPlay":false,"sceneViewState":{"showFog":true,"showMaterialUpdate":false,"showSkybox":false,"showFlares":true,"showImageEffects":true,"showParticleSystems":true,"showVisualEffectGraphs":true,"m_FxEnabled":true},"in2DMode":false,"pivot":{"x":0.510606050491333,"y":1.9158169031143189,"z":-4.408245086669922},"rotation":{"x":-0.019210215657949449,"y":0.22673961520195008,"z":0.002144440310075879,"w":0.9741665124893189},"size":2.9678525924682619,"orthographic":false}