{"cameraMode":{"drawMode":0,"name":"Shaded","section":"Shading Mode"},"sceneLighting":true,"audioPlay":false,"sceneViewState":{"showFog":true,"showMaterialUpdate":false,"showSkybox":true,"showFlares":true,"showImageEffects":true,"showParticleSystems":true,"showVisualEffectGraphs":true,"m_FxEnabled":true},"in2DMode":false,"pivot":{"x":564.8319091796875,"y":228.542236328125,"z":208.29656982421876},"rotation":{"x":-0.013879549689590931,"y":0.023039860650897027,"z":0.0024640411138534548,"w":-1.0002491474151612},"size":4.322423934936523,"orthographic":false}