{"cameraMode":{"drawMode":0,"name":"Shaded","section":"Shading Mode"},"sceneLighting":true,"audioPlay":false,"sceneViewState":{"showFog":true,"showMaterialUpdate":false,"showSkybox":true,"showFlares":true,"showImageEffects":true,"showParticleSystems":true,"showVisualEffectGraphs":true,"m_FxEnabled":true},"in2DMode":false,"pivot":{"x":63.605682373046878,"y":-102.68540954589844,"z":-364.99932861328127},"rotation":{"x":0.0026154150255024435,"y":0.9884762167930603,"z":-0.1517365425825119,"w":0.019049586728215219},"size":216.8690185546875,"orthographic":false}