{"cameraMode":{"drawMode":0,"name":"Shaded","section":"Shading Mode"},"sceneLighting":true,"audioPlay":false,"sceneViewState":{"showFog":true,"showMaterialUpdate":false,"showSkybox":true,"showFlares":true,"showImageEffects":true,"showParticleSystems":true,"showVisualEffectGraphs":true,"m_FxEnabled":true},"in2DMode":false,"pivot":{"x":4.205575942993164,"y":0.05492520332336426,"z":-10.016870498657227},"rotation":{"x":0.1312481015920639,"y":0.37897005677223208,"z":-0.05910847708582878,"w":0.9146857857704163},"size":7.525341510772705,"orthographic":false}