{"cameraMode":{"drawMode":0,"name":"Shaded","section":"Shading Mode"},"sceneLighting":true,"audioPlay":false,"sceneViewState":{"showFog":true,"showMaterialUpdate":false,"showSkybox":true,"showFlares":true,"showImageEffects":true,"showParticleSystems":true,"showVisualEffectGraphs":true,"m_FxEnabled":true},"in2DMode":false,"pivot":{"x":22.899999618530275,"y":1.7999999523162842,"z":-16.600000381469728},"rotation":{"x":0.18411801755428315,"y":0.7376808524131775,"z":-0.22300885617733003,"w":0.6104724407196045},"size":2.0808653831481935,"orthographic":false}