{"cameraMode":{"drawMode":0,"name":"Shaded","section":"Shading Mode"},"sceneLighting":true,"audioPlay":false,"sceneViewState":{"showFog":true,"showMaterialUpdate":false,"showSkybox":true,"showFlares":true,"showImageEffects":true,"showParticleSystems":true,"showVisualEffectGraphs":true,"m_FxEnabled":true},"in2DMode":false,"pivot":{"x":-0.466306209564209,"y":1.4003374576568604,"z":0.1609581708908081},"rotation":{"x":-0.020741000771522523,"y":0.22948400676250459,"z":-0.004885097499936819,"w":-0.9730896353721619},"size":1.88108491897583,"orthographic":false}