{"cameraMode":{"drawMode":0,"name":"Shaded","section":"Shading Mode"},"sceneLighting":true,"audioPlay":false,"sceneViewState":{"showFog":true,"showMaterialUpdate":false,"showSkybox":true,"showFlares":true,"showImageEffects":true,"showParticleSystems":true,"showVisualEffectGraphs":true,"m_FxEnabled":true},"in2DMode":false,"pivot":{"x":-4.652924537658691,"y":5.644558429718018,"z":-0.09169387817382813},"rotation":{"x":-0.026648763567209245,"y":0.8702137470245361,"z":-0.04729683697223663,"w":-0.4898577928543091},"size":10.596365928649903,"orthographic":false}