{"cameraMode":{"drawMode":0,"name":"Shaded","section":"Shading Mode"},"sceneLighting":true,"audioPlay":false,"sceneViewState":{"showFog":true,"showMaterialUpdate":false,"showSkybox":true,"showFlares":true,"showImageEffects":true,"showParticleSystems":true,"showVisualEffectGraphs":true,"m_FxEnabled":true},"in2DMode":false,"pivot":{"x":17.191591262817384,"y":0.10119867324829102,"z":-10.351435661315918},"rotation":{"x":-0.13278962671756745,"y":-0.7583399415016174,"z":0.16880346834659577,"w":-0.616389274597168},"size":14.994924545288086,"orthographic":false}