{"cameraMode":{"drawMode":0,"name":"Shaded","section":"Shading Mode"},"sceneLighting":true,"audioPlay":false,"sceneViewState":{"showFog":true,"showMaterialUpdate":false,"showSkybox":true,"showFlares":true,"showImageEffects":true,"showParticleSystems":true,"showVisualEffectGraphs":true,"m_FxEnabled":true},"in2DMode":false,"pivot":{"x":4.3746442794799809,"y":0.4490838050842285,"z":-4.924399375915527},"rotation":{"x":0.05160832777619362,"y":0.9394303560256958,"z":-0.17646747827529908,"w":0.2907623052597046},"size":13.867064476013184,"orthographic":false}