{"cameraMode":{"drawMode":0,"name":"Shaded","section":"Shading Mode"},"sceneLighting":true,"audioPlay":false,"sceneViewState":{"showFog":true,"showMaterialUpdate":false,"showSkybox":true,"showFlares":true,"showImageEffects":true,"showParticleSystems":true,"showVisualEffectGraphs":true,"m_FxEnabled":true},"in2DMode":false,"pivot":{"x":600.3917236328125,"y":245.42153930664063,"z":-27.33470916748047},"rotation":{"x":-0.027420002967119218,"y":0.03484389930963516,"z":0.002453325781971216,"w":-0.9995045065879822},"size":476.29595947265627,"orthographic":false}