{"cameraMode":{"drawMode":0,"name":"Shaded","section":"Shading Mode"},"sceneLighting":true,"audioPlay":false,"sceneViewState":{"showFog":true,"showMaterialUpdate":false,"showSkybox":false,"showFlares":true,"showImageEffects":true,"showParticleSystems":true,"showVisualEffectGraphs":true,"m_FxEnabled":true},"in2DMode":false,"pivot":{"x":2.19378662109375,"y":-0.8050012588500977,"z":6.319123268127441},"rotation":{"x":0.00878957286477089,"y":-0.040045686066150668,"z":0.0022064202930778267,"w":-0.9997678399085999},"size":12.12435531616211,"orthographic":false}